dependency_id,source_artifact_id,target_artifact_id,relation,mandatory,gate_id,required_status,status
DEP-0001,T01,T02,valida-tema-para,TRUE,gate:tbd,concluida,ativa
DEP-0002,T02,T03,fornece-evidencia-para,TRUE,gate:tbd,concluida,ativa
DEP-0003,T03,T04,define-escopo-de,TRUE,gate:tbd,concluida,ativa
DEP-0004,T02,T04,fornece-evidencia-para,TRUE,gate:tbd,concluida,ativa
DEP-0005,T04,T05,estrutura,TRUE,gate:tbd,concluida,ativa
DEP-0006,T05,T06,revisa,TRUE,gate:tbd,concluida,ativa
DEP-0007,T06,T07,precede,TRUE,gate:tbd,concluida,ativa
DEP-0008,T04,T08,espelha-blocos,TRUE,gate:tbd,concluida,ativa
DEP-0009,T07,T08,espelha-versao-final,TRUE,gate:tbd,concluida,ativa
DEP-0010,T07,T09,marca-trechos-de,TRUE,gate:tbd,concluida,ativa
DEP-0011,T08,T09,marca-timestamps-de,TRUE,gate:tbd,concluida,ativa
DEP-0012,T09,T10,alimenta-derivado,TRUE,gate:tbd,concluida,ativa
DEP-0013,T09,T11,alimenta-derivado,TRUE,gate:tbd,concluida,ativa
DEP-0014,T09,T12,alimenta-derivado,TRUE,gate:tbd,concluida,ativa
DEP-0015,T09,T13,alimenta-derivado,TRUE,gate:tbd,concluida,ativa
DEP-0016,T09,T14,alimenta-derivado,TRUE,gate:tbd,concluida,ativa
DEP-0017,T09,T15,alimenta-derivado,TRUE,gate:tbd,concluida,ativa
DEP-0018,T07,T16,fornece-conteudo-para,TRUE,gate:tbd,concluida,ativa
DEP-0019,T09,T16,alimenta-derivado,FALSE,gate:tbd,concluida,informativa
DEP-0020,T03,T17,define-cta-de,TRUE,gate:tbd,concluida,ativa
DEP-0021,T02,T17,fornece-evidencia-para,TRUE,gate:tbd,concluida,ativa
DEP-0022,T10,T18,recebe-cta,TRUE,gate:tbd,concluida,ativa
DEP-0023,T11,T18,recebe-cta,TRUE,gate:tbd,concluida,ativa
DEP-0024,T12,T18,recebe-cta,TRUE,gate:tbd,concluida,ativa
DEP-0025,T13,T18,recebe-cta,TRUE,gate:tbd,concluida,ativa
DEP-0026,T15,T18,recebe-cta,TRUE,gate:tbd,concluida,ativa
DEP-0027,T16,T18,recebe-cta,TRUE,gate:tbd,concluida,ativa
DEP-0028,T17,T18,recebe-cta,TRUE,gate:tbd,concluida,ativa
DEP-0029,T14,T18,recebe-cta,FALSE,gate:tbd,concluida,informativa
DEP-0030,T18,T19,fornece-cta-para,TRUE,gate:tbd,concluida,ativa
DEP-0031,T19,T20,precede,TRUE,gate:tbd,concluida,ativa
DEP-0032,T14,T20,fornece-arquivo-para,TRUE,gate:tbd,concluida,ativa
DEP-0033,T20,T21,verificado-por,TRUE,G-CONFORMIDADE,concluida,ativa
DEP-0034,T21,T22,libera,TRUE,G-HANDOFF-F2,concluida,ativa
DEP-0035,T22,F2,handoff-para,TRUE,G-HANDOFF-F2,concluida,ativa
DEP-0036,F2,F3,precede,TRUE,gate:tbd,concluida,ativa
DEP-0037,F3,F4,precede,TRUE,gate:tbd,concluida,ativa
DEP-0038,F4,F5,precede,TRUE,gate:tbd,concluida,ativa
DEP-0039,F5,T01,retroalimenta,FALSE,gate:tbd,concluida,informativa
