arquivo_original,arquivo_renomeado,largura_px,altura_px,sha256,descricao
IMG_1670.JPG,REF_Bauhaus_Campus_Mapa_Isometrico.jpg,1000,1000,962f3ab38fd991726ea424b8df5fc1e0f766095a4774271f3ce656468d0f3b6f,Referência editorial de mapa do campus Bauhaus
IMG_1671.JPG,REF_Mapa_Urbano_Isometrico_Azul_Coral.jpg,1200,1656,7e966f9f1598646f2863ca6731ffb8b8ccc9bf9c2ed3a08e05c4c6b0a23abdcc,Referência de mapa urbano isométrico
IMG_1673.JPG,REF_Edificio_Em_Corte_Cenas_Cotidianas.jpg,1200,1549,6e516765ed490d7a2289cb0187e59a83cf67c968dff84494252cbf581bdd232e,Referência de edifício em corte com cenas cotidianas
8177F989-31C7-42C7-B5C3-A9AF5B020D53.PNG,RC_Pista_Corrida_Tres_Pessoas_Retrato.png,941,1672,1568065f9ebbaaf16900ddb6328673017f810a20a2b40c21d6765028662d5372,Três pessoas na posição de largada em pista isométrica
F03CE507-4AB4-417E-839B-087A222D00F6.PNG,RC_Pessoa_Binoculos_Observa_Cidade_Retrato.png,941,1672,28790d6a9f0160b69e49763b3aaa708e4c34451ec656ac96d7434dd026b7390e,Pessoa com binóculos observa a cidade do alto
AB650902-4BAD-468C-8C4B-40B5FB62A3BA.PNG,RC_Pessoa_Binoculos_Observa_Mapa_Cerebral_16x9.png,1672,941,eb0931d6d56462d73fb4dc2155faaa927cb411d1e5cb40682e3e495570008297,Pessoa com binóculos observa vias de mapa cerebral
4B088585-BE41-470B-A460-5ADC258001CF.PNG,RC_Pessoa_Binoculos_e_Cerebro_Urbano_16x9.png,1672,941,278b7e349464384bfed37dce2a4ca73239b9d4d7c2d3ce6bc73e29189aa0dc92,Pessoa com binóculos observa cérebro urbano
76762933-B129-4A77-A448-157C219B2D95.PNG,RC_Cerebro_Urbano_Sustentado_Por_Mao_Retrato_A.png,941,1672,95d2155c69659d3f4da1815856a04f3fa176552be00ca7e5d7a016caa0db3558,"Cérebro urbano suspenso por uma mão, variante A"
B4D55704-BE88-41CB-8672-E1947F1F9C71.PNG,RC_Cerebro_Urbano_Sustentado_Por_Mao_Retrato_B.png,941,1672,69e1397ecb30c5c13fd3ad1d6534588c49821b89c7db9ed9d5c55ed24e98ff7f,"Cérebro urbano suspenso por uma mão, variante B"
F03CE507-4AB4-417E-839B-087A222D00F6 2.PNG,RC_Pessoa_Binoculos_Observa_Cidade_Retrato.png,941,1672,28790d6a9f0160b69e49763b3aaa708e4c34451ec656ac96d7434dd026b7390e,Cópia idêntica; não duplicada no ZIP
